,link,text,user,likes,quotes,retweets,comments
0,https://twitter.com/narendramodi/status/1803088352670806521#m,"Witnessing the Ganga Aarti in Kashi is a mesmerizing experience. The beauty of the sacred Ganga, brightness and devotion all around make it special.",Narendra Modi,16596,71,2258,452
1,https://twitter.com/narendramodi/status/1803077585632419879#m,‡§ï‡§ø‡§∏‡§æ‡§® ‡§∏‡§Æ‡•ç‡§Æ‡§æ‡§® ‡§∏‡§Æ‡•ç‡§Æ‡•á‡§≤‡§® ‡§Æ‡•á‡§Ç ‡§Æ‡•Å‡§ù‡•á ‡§Ö‡§™‡§æ‡§∞ ‡§Ü‡§∂‡•Ä‡§∞‡•ç‡§µ‡§æ‡§¶ ‡§¶‡•á‡§®‡•á ‡§â‡§Æ‡§°‡§º‡•Ä ‡§ï‡§æ‡§∂‡•Ä ‡§ï‡•Ä ‡§¶‡•á‡§µ‡§§‡•Å‡§≤‡•ç‡§Ø ‡§ú‡§®‡§§‡§æ-‡§ú‡§®‡§æ‡§∞‡•ç‡§¶‡§® ‡§ï‡§æ ‡§π‡•É‡§¶‡§Ø ‡§∏‡•á ‡§¨‡§π‡•Å‡§§-‡§¨‡§π‡•Å‡§§ ‡§Ü‡§≠‡§æ‡§∞!,Narendra Modi,11407,26,1770,373
2,https://twitter.com/narendramodi/status/1803077122115707095#m,‡§ï‡§æ‡§∂‡•Ä ‡§®‡•á ‡§∏‡§æ‡§∞‡•Ä ‡§¶‡•Å‡§®‡§ø‡§Ø‡§æ ‡§ï‡•ã ‡§¶‡§ø‡§ñ‡§æ‡§Ø‡§æ ‡§π‡•à ‡§ï‡§ø ‡§ï‡•à‡§∏‡•á ‡§è‡§ï ‡§π‡•á‡§∞‡§ø‡§ü‡•á‡§ú ‡§∏‡§ø‡§ü‡•Ä ‡§≠‡•Ä ‡§Ö‡§∞‡•ç‡§¨‡§® ‡§°‡•á‡§µ‡§≤‡§™‡§Æ‡•á‡§Ç‡§ü ‡§ï‡§æ ‡§®‡§Ø‡§æ ‡§Ö‡§ß‡•ç‡§Ø‡§æ‡§Ø ‡§≤‡§ø‡§ñ ‡§∏‡§ï‡§§‡•Ä ‡§π‡•à‡•§,Narendra Modi,3692,16,936,159
3,https://twitter.com/narendramodi/status/1803076817777041473#m,‡§Æ‡•á‡§∞‡§æ ‡§∏‡§™‡§®‡§æ ‡§π‡•à ‡§ï‡§ø ‡§¶‡•Å‡§®‡§ø‡§Ø‡§æ ‡§ï‡•Ä ‡§π‡§∞ ‡§°‡§æ‡§á‡§®‡§ø‡§Ç‡§ó ‡§ü‡•á‡§¨‡§≤ ‡§™‡§∞ ‡§≠‡§æ‡§∞‡§§ ‡§ï‡§æ ‡§´‡•Ç‡§° ‡§™‡•ç‡§∞‡•ã‡§°‡§ï‡•ç‡§ü ‡§≠‡•Ä ‡§π‡•ã‡§®‡§æ ‡§ö‡§æ‡§π‡§ø‡§è‡•§,Narendra Modi,5809,41,1330,305
4,https://twitter.com/narendramodi/status/1803076602936373431#m,‡§°‡•ç‡§∞‡•ã‡§® ‡§¶‡•Ä‡§¶‡•Ä ‡§ï‡•Ä ‡§§‡§∞‡§π ‡§Ö‡§¨ ‡§ï‡•É‡§∑‡§ø ‡§∏‡§ñ‡•Ä ‡§ï‡•á ‡§∞‡•Ç‡§™ ‡§Æ‡•á‡§Ç ‡§¶‡•á‡§∂‡§≠‡§∞ ‡§ï‡•Ä ‡§¨‡§π‡§®‡•ã‡§Ç ‡§ï‡•Ä ‡§®‡§à ‡§≠‡•Ç‡§Æ‡§ø‡§ï‡§æ ‡§∏‡•á ‡§â‡§®‡•ç‡§π‡•á‡§Ç ‡§∏‡§Æ‡•ç‡§Æ‡§æ‡§® ‡§î‡§∞ ‡§Ü‡§Ø ‡§ï‡•á ‡§®‡§è ‡§Ö‡§µ‡§∏‡§∞ ‡§∏‡•Å‡§®‡§ø‡§∂‡•ç‡§ö‡§ø‡§§ ‡§π‡•ã‡§Ç‡§ó‡•á‡•§,Narendra Modi,3225,18,882,138
5,https://twitter.com/narendramodi/status/1803076392084545881#m,"‡§¶‡•á‡§∂‡§µ‡§æ‡§∏‡§ø‡§Ø‡•ã‡§Ç ‡§ï‡§æ ‡§µ‡§ø‡§∂‡•ç‡§µ‡§æ‡§∏ ‡§Æ‡•á‡§∞‡•Ä ‡§∏‡§¨‡§∏‡•á ‡§¨‡§°‡§º‡•Ä ‡§™‡•Ç‡§Ç‡§ú‡•Ä ‡§π‡•à, ‡§ú‡•ã ‡§Æ‡•Å‡§ù‡•á ‡§â‡§®‡§ï‡•á ‡§∏‡§Ç‡§ï‡§≤‡•ç‡§™‡•ã‡§Ç ‡§ï‡•ã ‡§™‡•Ç‡§∞‡§æ ‡§ï‡§∞‡§®‡•á ‡§ï‡•á ‡§≤‡§ø‡§è ‡§™‡•ç‡§∞‡•á‡§∞‡§ø‡§§ ‡§ï‡§∞‡§§‡§æ ‡§π‡•à‡•§",Narendra Modi,3906,25,1047,233
6,https://twitter.com/narendramodi/status/1803075987824894074#m,"‡§ï‡§æ‡§∂‡•Ä ‡§ï‡•á ‡§≤‡•ã‡§ó‡•ã‡§Ç ‡§®‡•á ‡§∏‡§ø‡§∞‡•ç‡§´ MP ‡§®‡§π‡•Ä‡§Ç, ‡§¨‡§≤‡•ç‡§ï‡§ø ‡§§‡•Ä‡§∏‡§∞‡•Ä ‡§¨‡§æ‡§∞ PM ‡§≠‡•Ä ‡§ö‡•Å‡§®‡§æ ‡§π‡•à‡•§ ‡§á‡§∏‡§≤‡§ø‡§è ‡§Ø‡§π‡§æ‡§Ç ‡§ï‡•á ‡§Ö‡§™‡§®‡•á ‡§™‡§∞‡§ø‡§µ‡§æ‡§∞‡§ú‡§®‡•ã‡§Ç ‡§ï‡•ã ‡§°‡§¨‡§≤ ‡§¨‡§ß‡§æ‡§à!",Narendra Modi,11944,29,2162,363
7,https://twitter.com/narendramodi/status/1803058006013227024#m,"LIVE from banks of Maa Ganga in Kashi... Praying for the peace, prosperity and well-being of 140 crore Indians. https://twitter.com/i/broadcasts/1vOxwjjOMDVJB",Narendra Modi,18463,146,3975,1007
8,https://twitter.com/narendramodi/status/1803033731231285564#m,‡§Ö‡§™‡§®‡•á ‡§ï‡§ø‡§∏‡§æ‡§® ‡§≠‡§æ‡§à-‡§¨‡§π‡§®‡•ã‡§Ç ‡§ï‡§æ ‡§ú‡•Ä‡§µ‡§® ‡§Ü‡§∏‡§æ‡§® ‡§¨‡§®‡§æ‡§®‡•á ‡§ï‡•á ‡§≤‡§ø‡§è ‡§π‡§Æ‡§æ‡§∞‡•Ä ‡§∏‡§∞‡§ï‡§æ‡§∞ ‡§™‡•ç‡§∞‡§§‡§ø‡§¨‡§¶‡•ç‡§ß ‡§π‡•à‡•§ ‡§ï‡§æ‡§∂‡•Ä ‡§ï‡•Ä ‡§™‡§µ‡§ø‡§§‡•ç‡§∞ ‡§≠‡•Ç‡§Æ‡§ø ‡§∏‡•á ‡§™‡•ç‡§∞‡§ß‡§æ‡§®‡§Æ‡§Ç‡§§‡•ç‡§∞‡•Ä ‡§ï‡§ø‡§∏‡§æ‡§® ‡§∏‡§Æ‡•ç‡§Æ‡§æ‡§® ‡§®‡§ø‡§ß‡§ø ‡§Ø‡•ã‡§ú‡§®‡§æ ‡§ï‡•Ä 17‡§µ‡•Ä‡§Ç ‡§ï‡§ø‡§∏‡•ç‡§§ ‡§ú‡§æ‡§∞‡•Ä ‡§ï‡§∞‡§§‡•á ‡§π‡•Å‡§è ‡§ó‡§∞‡•ç‡§µ ‡§ï‡•Ä ‡§Ö‡§®‡•Å‡§≠‡•Ç‡§§‡§ø ‡§π‡•ã ‡§∞‡§π‡•Ä ‡§π‡•à‡•§ https://twitter.com/i/broadcasts/1yNGaZZmeOvJj,Narendra Modi,18883,174,4304,1045
9,https://twitter.com/narendramodi/status/1802994577420226866#m,"Delighted to share that after a gap of some months due to the elections, #MannKiBaat is back! This month's programme will take place on Sunday, 30th June. I call upon all of you to share your ideas and inputs for the same. Write on the MyGov Open Forum, NaMo App or record your message on 1800 11 7800.  https://www.mygov.in/group-issue/inviting-ideas-mann-ki-baat-prime-minister-narendra-modi-30th-june-2024/",Narendra Modi,29079,306,4250,1759
10,https://twitter.com/narendramodi/status/1802989895197073594#m,‡§µ‡§æ‡§∞‡§æ‡§£‡§∏‡•Ä ‡§Æ‡•á‡§Ç ‡§Ü‡§ú ‡§∂‡§æ‡§Æ ‡§ï‡§∞‡•Ä‡§¨ 5 ‡§¨‡§ú‡•á ‡§Ö‡§™‡§®‡•á ‡§Ö‡§®‡•ç‡§®‡§¶‡§æ‡§§‡§æ ‡§≠‡§æ‡§à-‡§¨‡§π‡§®‡•ã‡§Ç ‡§∏‡•á ‡§∏‡§Ç‡§µ‡§æ‡§¶ ‡§ï‡§æ ‡§∏‡•Å‡§Ö‡§µ‡§∏‡§∞ ‡§Æ‡§ø‡§≤‡•á‡§ó‡§æ‡•§ ‡§Ø‡§π‡§æ‡§Ç '‡§™‡•Ä‡§è‡§Æ-‡§ï‡§ø‡§∏‡§æ‡§®' ‡§ï‡•Ä 17‡§µ‡•Ä‡§Ç ‡§ï‡§ø‡§∏‡•ç‡§§ ‡§ú‡§æ‡§∞‡•Ä ‡§ï‡§∞‡§®‡•á ‡§ï‡•á ‡§∏‡§æ‡§• ‡§π‡•Ä ‡§ï‡•É‡§∑‡§ø ‡§∏‡§ñ‡§ø‡§Ø‡•ã‡§Ç ‡§ï‡•ã ‡§™‡•ç‡§∞‡§Æ‡§æ‡§£ ‡§™‡§§‡•ç‡§∞ ‡§≠‡•Ä ‡§™‡•ç‡§∞‡§¶‡§æ‡§® ‡§ï‡§∞‡•Ç‡§Ç‡§ó‡§æ‡•§ ‡§á‡§∏‡§ï‡•á ‡§¨‡§æ‡§¶ ‡§ó‡§Ç‡§ó‡§æ ‡§Ü‡§∞‡§§‡•Ä ‡§î‡§∞ ‡§¶‡§∞‡•ç‡§∂‡§®-‡§™‡•Ç‡§ú‡§® ‡§ï‡§æ ‡§∏‡•å‡§≠‡§æ‡§ó‡•ç‡§Ø ‡§™‡•ç‡§∞‡§æ‡§™‡•ç‡§§ ‡§π‡•ã‡§ó‡§æ‡•§  https://pib.gov.in/PressReleaseIframePage.aspx?PRID=2025877&RegID=3&LID=1,Narendra Modi,23430,87,4083,823
11,https://twitter.com/narendramodi/status/1802908408015675841#m,‡§â‡§∑‡•ç‡§ü‡•ç‡§∞‡§æ‡§∏‡§® ‡§™‡•Ä‡§† ‡§î‡§∞ ‡§ó‡§∞‡•ç‡§¶‡§® ‡§ï‡•Ä ‡§Æ‡§æ‡§Ç‡§∏‡§™‡•á‡§∂‡§ø‡§Ø‡•ã‡§Ç ‡§ï‡•ã ‡§Æ‡§ú‡§¨‡•Ç‡§§ ‡§¨‡§®‡§æ‡§§‡§æ ‡§π‡•à‡•§ ‡§Ø‡§π ‡§∞‡§ï‡•ç‡§§ ‡§∏‡§Ç‡§ö‡§æ‡§∞ ‡§ï‡•ã ‡§¨‡•á‡§π‡§§‡§∞ ‡§¨‡§®‡§æ‡§®‡•á ‡§ï‡•á ‡§∏‡§æ‡§• ‡§π‡•Ä ‡§Ü‡§Ç‡§ñ‡•ã‡§Ç ‡§ï‡•Ä ‡§∞‡•ã‡§∂‡§®‡•Ä ‡§≠‡•Ä ‡§¨‡§¢‡§º‡§æ‡§§‡§æ ‡§π‡•à‡•§,Narendra Modi,24920,117,5209,844
12,https://twitter.com/narendramodi/status/1802907808020434996#m,Ustrasana strengthens the muscles of the back and neck. It also improves blood circulation and improves eyesight.,Narendra Modi,17403,96,3373,466
13,https://twitter.com/narendramodi/status/1802699116260245715#m,Met US National Security Advisor @JakeSullivan46. India is committed to further strengthen the India-US Comprehensive Global Strategic Partnership for global good.,Narendra Modi,91692,177,8633,1272
14,https://twitter.com/narendramodi/status/1802659536572215654#m,"Warm congratulations, Excellency @CyrilRamaphosa on your re-election as the President of the Republic of South Africa. I look forward to working with you to further strengthen the India-South Africa strategic partnership.",Narendra Modi,33811,46,3676,741
15,https://twitter.com/narendramodi/status/1802590211265925340#m,The railway accident in West Bengal is saddening. Condolences to those who lost their loved ones. I pray that the injured recover at the earliest. Spoke to officials and took stock of the situation. Rescue operations are underway to assist the affected. The Railways Minister Shri @AshwiniVaishnaw Ji is on the way to the site of the mishap as well.,Narendra Modi,77471,469,8554,3473
16,https://twitter.com/narendramodi/status/1802542890922435048#m,‡§≠‡§¶‡•ç‡§∞‡§æ‡§∏‡§® ‡§ï‡§æ ‡§Ö‡§≠‡•ç‡§Ø‡§æ‡§∏ ‡§ú‡•ã‡§°‡§º‡•ã‡§Ç ‡§ï‡•ã ‡§Æ‡§ú‡§¨‡•Ç‡§§ ‡§¨‡§®‡§æ‡§§‡§æ ‡§π‡•à ‡§î‡§∞ ‡§ò‡•Å‡§ü‡§®‡•á ‡§ï‡•á ‡§¶‡§∞‡•ç‡§¶ ‡§ï‡•ã ‡§ï‡§Æ ‡§ï‡§∞‡§§‡§æ ‡§π‡•à‡•§ ‡§Ø‡§π ‡§™‡•á‡§ü ‡§ï‡•Ä ‡§§‡§ï‡§≤‡•Ä‡§´‡•ã‡§Ç ‡§ï‡•ã ‡§¶‡•Ç‡§∞ ‡§∞‡§ñ‡§®‡•á ‡§Æ‡•á‡§Ç ‡§≠‡•Ä ‡§Æ‡§¶‡§¶‡§ó‡§æ‡§∞ ‡§π‡•à‡•§,Narendra Modi,33108,151,6950,901
17,https://twitter.com/narendramodi/status/1802542603600121861#m,Bhadrasana is good for strengthening the joints and reduces pain in the knees. It is also good for the stomach.,Narendra Modi,26771,97,4930,504
18,https://twitter.com/narendramodi/status/1802537437207408927#m,Greetings on Eid-ul-Adha! May this special occasion further cement the bonds of harmony and togetherness in our society. May everyone be happy and healthy.,Narendra Modi,91913,812,7219,3710
19,https://twitter.com/narendramodi/status/1802191731007332799#m,Padahastasana has several benefits‚Ä¶do practice it.,Narendra Modi,31996,164,5540,1009
20,https://twitter.com/narendramodi/status/1802191496742871160#m,‡§™‡§æ‡§¶‡§π‡§∏‡•ç‡§§‡§æ‡§∏‡§® ‡§ï‡§æ ‡§®‡§ø‡§Ø‡§Æ‡§ø‡§§ ‡§Ö‡§≠‡•ç‡§Ø‡§æ‡§∏ ‡§ï‡§à ‡§§‡§∞‡§π ‡§∏‡•á ‡§´‡§æ‡§Ø‡§¶‡•á‡§Æ‡§Ç‡§¶ ‡§π‡•à‚Ä¶,Narendra Modi,23469,80,4895,653
21,https://twitter.com/narendramodi/status/1801946885583958424#m,Smritivan in Kutch is a tribute to those we lost in the tragic Earthquake of 2001. It is a reminder of human resilience and courage as well. Glad that this Museum has found a place on the World Selection for the Prix Versailles Museums 2024.,Narendra Modi,36059,76,5862,753
22,https://twitter.com/narendramodi/status/1801916711764902303#m,Lunga vita all'amicizia Italia-India! üáÆüá≥ üáÆüáπ,Narendra Modi,207090,879,25315,3958
23,https://twitter.com/narendramodi/status/1801894874343768425#m,Long live India-Italy friendship! üáÆüá≥ üáÆüáπ,Narendra Modi,405706,2339,49934,8606
24,https://twitter.com/narendramodi/status/1801833288039911728#m,"An important G7 Summit, where I presented India‚Äôs perspective at the world stage. Here are highlights.",Narendra Modi,112205,451,16593,2201
25,https://twitter.com/narendramodi/status/1801832145784344600#m,"Best wishes to Shri Kishan Reddy Garu on his birthday. He is a grassroots leader, rising from the ranks to being a successful legislator, MP and Minister. His efforts for serving people are exemplary. Praying for his long and healthy life. @kishanreddybjp",Narendra Modi,25459,27,2884,431
26,https://twitter.com/narendramodi/status/1801804607162548365#m,‡§ö‡§ï‡•ç‡§∞‡§æ‡§∏‡§® ‡§ï‡§æ ‡§®‡§ø‡§Ø‡§Æ‡§ø‡§§ ‡§Ö‡§≠‡•ç‡§Ø‡§æ‡§∏ ‡§∂‡§∞‡•Ä‡§∞ ‡§ï‡•ã ‡§∏‡•ç‡§µ‡§∏‡•ç‡§• ‡§∞‡§ñ‡§®‡•á ‡§Æ‡•á‡§Ç ‡§¨‡§π‡•Å‡§§ ‡§Æ‡§¶‡§¶‡§ó‡§æ‡§∞ ‡§π‡•à‡•§ ‡§Ø‡§π ‡§π‡•É‡§¶‡§Ø ‡§ï‡•ã ‡§∏‡•á‡§π‡§§‡§Æ‡§Ç‡§¶ ‡§∞‡§ñ‡§§‡§æ ‡§π‡•à ‡§î‡§∞ ‡§∞‡§ï‡•ç‡§§ ‡§∏‡§Ç‡§ö‡§æ‡§∞ ‡§ï‡•ã ‡§¨‡•á‡§π‡§§‡§∞ ‡§¨‡§®‡§æ‡§§‡§æ ‡§π‡•à‡•§,Narendra Modi,23373,112,6010,861
27,https://twitter.com/narendramodi/status/1801804326320427341#m,Do practice Chakrasana for good health. It is great for the heart and also helps improve blood flow.,Narendra Modi,23177,95,4571,398
28,https://twitter.com/narendramodi/status/1801717890116424101#m,Ho avuto una giornata molto produttiva al Vertice G7 in Puglia. Ho interagito con i leader mondiali e discusso varie questioni.  Insieme auspichiamo di creare soluzioni di grande impatto che portino beneficio alla comunit√† globale e creino un mondo migliore per le future generazioni.,Narendra Modi,10724,19,1831,195
29,https://twitter.com/narendramodi/status/1801717782398255411#m,"Had a very productive day at the G7 Summit in Apulia. Interacted with world leaders and discussed various subjects. Together, we aim to create impactful solutions that benefit the global community and create a better world for future generations.  I thank the people and government of Italy for their warm hospitality.",Narendra Modi,25031,49,3547,364
30,https://twitter.com/narendramodi/status/1801700738554318951#m,Das heutige Treffen mit Bundeskanzler Scholz war sehr produktiv. Die strategische Partnerschaft zwischen Indien und Deutschland kann eine wichtige Rolle bei der F√∂rderung eines inklusiven und nachhaltigen globalen Wachstums spielen.   @Bundeskanzler,Narendra Modi,25584,34,3175,278
31,https://twitter.com/narendramodi/status/1801700447138496869#m,Today's interaction with Chancellor Scholz was very productive. The India-Germany Strategic Partnership can play a major role in furthering global growth which is inclusive and sustainable.  @Bundeskanzler,Narendra Modi,38711,39,4340,259
32,https://twitter.com/narendramodi/status/1801692193234493624#m,„Ç§„Çø„É™„Ç¢„ÅßË°å„Çè„Çå„ÅüG7„Çµ„Éü„ÉÉ„Éà„ÅÆ„Çµ„Ç§„Éâ„É©„Ç§„É≥„ÅßÊó•Êú¨„ÅÆÂ≤∏Áî∞Á∑èÁêÜ„Å´„Åä‰ºö„ÅÑ„Åß„Åç„ÄÅÂ§ßÂ§â„ÅÜ„Çå„Åó„ÅèÊÄù„ÅÑ„Åæ„Åô„ÄÇ„Ç§„É≥„Éâ„Å®Êó•Êú¨„ÅÆÂº∑„ÅÑÈñ¢‰øÇ„ÅØ„ÄÅÂπ≥Âíå„Åß„ÄÅÂÆâÂÖ®„Åß„ÄÅÁπÅÊ†Ñ„Åó„Å¶„ÅÑ„Åè„Ç§„É≥„ÉâÂ§™Âπ≥Ê¥ã„Å´„Å®„Å£„Å¶ÈáçË¶Å„Åß„Åô„ÄÇ‰∏°ÂõΩ„ÅØ„ÄÅÈò≤Ë°õ„ÄÅ„ÉÜ„ÇØ„Éé„É≠„Ç∏„Éº„ÄÅÂçäÂ∞é‰Ωì„ÄÅ„ÇØ„É™„Éº„É≥„Ç®„Éç„É´„ÇÆ„Éº„ÄÅ„Éá„Ç∏„Çø„É´„ÉÜ„ÇØ„Éé„É≠„Ç∏„Éº„ÅÆÂàÜÈáé„ÅßÂçîÂäõ„Åó„Å¶„ÅÑ„Åè„Åì„Å®„ÇíÂ§ß‰∫ã„Å´„Åó„Å¶„ÅÑ„Åæ„Åô„ÄÇ„Ç§„É≥„Éï„É©Êï¥ÂÇô„Åù„Åó„Å¶ÊñáÂåñÁöÑ„Å™‰∫§ÊµÅ„ÇÇ„ÇÇ„Å£„Å®ÈÄ≤Â±ï„Åï„Åõ„Å¶„ÅÑ„Åç„Åü„ÅÑ„Å®ÊÄù„ÅÑ„Åæ„Åô„ÄÇ @kishida230,Narendra Modi,23184,59,2862,369
33,https://twitter.com/narendramodi/status/1801691762156548227#m,"It was a delight to meet PM Kishida on the sidelines of the G7 Summit in Italy. Strong ties between India and Japan are important for a peaceful, secure and prosperous Indo-Pacific. Our nations look forward to working together in defence, technology, semiconductors, clean energy and digital technology. We also wish to advance ties in infrastructure and cultural linkages. @kishida230",Narendra Modi,35705,58,4591,335
34,https://twitter.com/narendramodi/status/1801691426935259392#m,"Ho avuto un ottimo incontro con la PM @GiorgiaMeloni. L'ho ringraziata per aver invitato l'India a partecipare al G7 e per la meravigliosa organizzazione. Abbiamo discusso di come rafforzare le relazioni Italia-India in settori quali commercio, energia, difesa, telecomunicazioni e altro ancora. I nostri Paesi continueranno a collaborare in ambiti futuristici tra cui i biocombustibili, la trasformazione dei prodotti alimentari e i minerali critici.",Narendra Modi,65472,121,7909,690
35,https://twitter.com/narendramodi/status/1801691048009257123#m,"Had a very good meeting with PM @GiorgiaMeloni. Thanked her for inviting India to be a part of the G7 Summit and for the wonderful arrangements. We discussed ways to further cement India-Italy relations in areas like commerce, energy, defence, telecom and more. Our nations will work together in futuristic areas like biofuels, food processing and critical minerals.",Narendra Modi,211529,451,20836,2425
36,https://twitter.com/narendramodi/status/1801688184570659323#m,With world leaders at the @G7 Summit in Italy.,Narendra Modi,146765,815,17723,1999
37,https://twitter.com/narendramodi/status/1801672814187188514#m,Met Canadian PM @JustinTrudeau at the G7 Summit.,Narendra Modi,130691,474,8708,2504
38,https://twitter.com/narendramodi/status/1801670928985997637#m,It's always a pleasure to meet @POTUS @JoeBiden. India and USA will keep working together to further global good. üáÆüá≥üá∫üá∏,Narendra Modi,86556,144,9490,974
39,https://twitter.com/narendramodi/status/1801668123835388157#m,Met @KingAbdullahII on the sidelines of the G7 Summit. India values the strong ties with Jordan.,Narendra Modi,46697,65,5245,530
40,https://twitter.com/narendramodi/status/1801667857543270765#m,"The interactions in Italy continue...  Delightful conversation with President @LulaOficial, President @RTErdogan and His Highness Sheikh @MohamedBinZayed.",Narendra Modi,54302,101,6038,524
41,https://twitter.com/narendramodi/status/1801667581155361262#m,"Pleased to meet @UN Secretary General, Mr. @antonioguterres in Italy.",Narendra Modi,55416,66,5005,570
42,https://twitter.com/narendramodi/status/1801654405223354857#m,"Reiterated India‚Äôs commitment to speak about the well-being of the Global South, which is ironically a major sufferer during any global uncertainty. India will also continue working closely with Africa, a glimpse of which was seen during last year‚Äôs G20 Summit when African Union became a permanent member of the forum and that too during India‚Äôs Presidency.",Narendra Modi,5422,20,1420,183
43,https://twitter.com/narendramodi/status/1801654403071676627#m,"As far as energy is concerned, India‚Äôs approach is based on availability, accessibility, affordability and acceptability. We are working to fulfil our CoP commitments before the designated time period. India is working to usher in a Green Era, based on the principles of Mission LiFE. Also highlighted the campaign ‚Äú‡§è‡§ï ‡§™‡•á‡§°‡§º ‡§Æ‡§æ‡§Å ‡§ï‡•á ‡§®‡§æ‡§Æ‚Äù to make our planet more sustainable.",Narendra Modi,5742,19,1465,137
44,https://twitter.com/narendramodi/status/1801654400089526428#m,"Spoke at the G7 Outreach Session on AI and Energy, Africa and Mediterranean. Highlighted a wide range of subjects, notably, the wide scale usage of technology for human progress. The rise of technology in various aspects of human life has also reaffirmed the importance of cyber security. Spoke about how India is leveraging AI for its development journey. It is important that AI remain transparent, secure, accessible and responsible.   https://www.mea.gov.in/press-releases.htm?dtl/37873/Prime_Minister_participates_in_the_Outreach_session_on_Artificial_Intelligence_and_Energy_Africa_and_the_Mediterranean_at_the_G7_Summit",Narendra Modi,66887,179,10797,1145
45,https://twitter.com/narendramodi/status/1801636845459227083#m,Met Pope Francis on the sidelines of the @G7 Summit. I admire his commitment to serve people and make our planet better. Also invited him to visit India. @Pontifex,Narendra Modi,92254,444,8387,1481
46,https://twitter.com/narendramodi/status/1801580044722028854#m,"–ü—Ä–æ–≤—ñ–≤ –¥—É–∂–µ –ø—Ä–æ–¥—É–∫—Ç–∏–≤–Ω—É –∑—É—Å—Ç—Ä—ñ—á –∑ –ü—Ä–µ–∑–∏–¥–µ–Ω—Ç–æ–º –í–æ–ª–æ–¥–∏–º–∏—Ä–æ–º –ó–µ–ª–µ–Ω—Å—å–∫–∏–º. –Ü–Ω–¥—ñ—è –ø—Ä–∞–≥–Ω–µ —ñ –Ω–∞–¥–∞–ª—ñ –∑–º—ñ—Ü–Ω—é–≤–∞—Ç–∏ –¥–≤–æ—Å—Ç–æ—Ä–æ–Ω–Ω—ñ –≤—ñ–¥–Ω–æ—Å–∏–Ω–∏ –∑ –£–∫—Ä–∞—ó–Ω–æ—é. –ó–≤–∞–∂–∞—é—á–∏ –Ω–∞ —Ç—Ä–∏–≤–∞—é—á—ñ –±–æ–π–æ–≤—ñ –¥—ñ—ñ, –ø–æ–≤—Ç–æ—Ä–∏–≤, —â–æ –Ü–Ω–¥—ñ—è –≤—ñ—Ä–∏—Ç—å —É –ª—é–¥–∏–Ω–æ—Ü–µ–Ω—Ç—Ä–∏—á–Ω–∏–π –ø—ñ–¥—Ö—ñ–¥ —Ç–∞ –≤–≤–∞–∂–∞—î, —â–æ —à–ª—è—Ö –¥–æ –º–∏—Ä—É –ª–µ–∂–∏—Ç—å —á–µ—Ä–µ–∑ –¥—ñ–∞–ª–æ–≥ —Ç–∞ –¥–∏–ø–ª–æ–º–∞—Ç—ñ—é. @ZelenskyyUa",Narendra Modi,30819,117,3380,740
47,https://twitter.com/narendramodi/status/1801572899771302043#m,"Had a very productive meeting with President Volodymyr Zelenskyy. India is eager to further cement bilateral relations with Ukraine. Regarding the ongoing hostilities, reiterated that India believes in a human-centric approach and believes that the way to peace is through dialogue and diplomacy. @ZelenskyyUa",Narendra Modi,109280,370,9544,1834
48,https://twitter.com/narendramodi/status/1801568390470885568#m,"J'ai eu une excellente r√©union avec mon ami le Pr√©sident @EmmanuelMacron. Il s'agit de notre quatri√®me rencontre en un an, ce qui indique la forte priorit√© que nous accordons aux liens solides entre l'Inde et la France. Nos √©changes ont port√© sur de nombreux sujets tels que la d√©fense, la s√©curit√©, la technologie, l'IA, l'√©conomie bleue et bien plus encore. Nous avons √©galement discut√© des moyens d'encourager l'innovation et la recherche chez les jeunes. Je lui ai adress√© mes meilleurs v≈ìux pour l'organisation des Jeux olympiques de Paris, qui d√©buteront le mois prochain.",Narendra Modi,38398,45,4698,623
49,https://twitter.com/narendramodi/status/1801565043919643070#m,"It was a delight to meet PM @RishiSunak in Italy. I reiterated my commitment to further strengthen the India-UK Comprehensive Strategic Partnership in the third term of the NDA Government. There is great scope to deepen ties in sectors like semiconductors, technology and trade. We also talked about further cementing ties in the defence sector.",Narendra Modi,136899,175,13302,1129
50,https://twitter.com/narendramodi/status/1801564851937894642#m,"Had an excellent meeting with my friend President @EmmanuelMacron. This is our fourth meeting in one year, indicating the priority we accord to strong India-French ties. Our talks covered numerous subjects such as defence, security, technology, AI, Blue Economy and more. We also discussed how to encourage innovation and research among the youth. I conveyed my best wishes to him on the hosting of the Paris Olympics, which begins next month.",Narendra Modi,81436,84,9469,668
51,https://twitter.com/narendramodi/status/1801475435835932975#m,"‡§§‡•ç‡§∞‡§ø‡§ï‡•ã‡§£‡§æ‡§∏‡§® ‡§ï‡§æ ‡§Ö‡§≠‡•ç‡§Ø‡§æ‡§∏ ‡§ú‡§π‡§æ‡§Ç ‡§™‡•Ä‡§† ‡§î‡§∞ ‡§ï‡§Ç‡§ß‡•á ‡§ï‡•ã ‡§Æ‡§ú‡§¨‡•Ç‡§§‡•Ä ‡§¶‡•á‡§§‡§æ ‡§π‡•à, ‡§µ‡§π‡•Ä‡§Ç ‡§è‡§ï‡§æ‡§ó‡•ç‡§∞‡§§‡§æ ‡§¨‡§¢‡§º‡§æ‡§®‡•á ‡§Æ‡•á‡§Ç ‡§≠‡•Ä ‡§Ø‡§π ‡§ï‡§æ‡§´‡•Ä ‡§Æ‡§¶‡§¶‡§ó‡§æ‡§∞ ‡§π‡•à‡•§",Narendra Modi,32616,149,6728,1021
52,https://twitter.com/narendramodi/status/1801475160857305392#m,"Practice Trikonasana for improved shoulders, back and improving concentration!",Narendra Modi,26609,146,4654,574
53,https://twitter.com/narendramodi/status/1801376930488533210#m,"Atterrato in Italia per partecipare al Vertice G7. Impaziente di avviare interazioni produttive con i leader del mondo. Insieme, desideriamo affrontare le questioni globali e incoraggiare la cooperazione internazionale per un futuro migliore.",Narendra Modi,44664,75,5649,680
54,https://twitter.com/narendramodi/status/1801376022174257282#m,"Landed in Italy to take part in the G7 Summit. Looking forward to engaging in productive discussions with world leaders. Together, we aim to address global challenges and foster international cooperation for a brighter future.",Narendra Modi,104097,243,11396,1352
55,https://twitter.com/narendramodi/status/1801242566395937269#m,I will be attending the G7 Summit in Italy. I look forward to meeting fellow world leaders and discussing a wide range of issues aimed at making our planet better and improving lives of people. https://www.pib.gov.in/PressReleaseIframePage.aspx?PRID=2025078,Narendra Modi,70848,354,8521,2348
56,https://twitter.com/narendramodi/status/1801157605198323968#m,Congratulations to Shri Pema Khandu Ji on taking oath as the Chief Minister of Arunachal Pradesh. I would also like to congratulate all those who took oath as Ministers. My best wishes to them for their future endeavours of serving the people. This team will ensure that the state develops at an even faster pace.  @PemaKhanduBJP,Narendra Modi,50838,85,5626,967
57,https://twitter.com/narendramodi/status/1801097900048666791#m,Best wishes to Shri @PiyushGoyal Ji on his birthday. His efforts to boost India‚Äôs trade and industrial growth are exceptional. They will surely strengthen our collective endeavour to make India the third largest economy. Praying for his long and healthy life.,Narendra Modi,41100,101,3942,871
58,https://twitter.com/narendramodi/status/1801095980604891642#m,"‡§§‡§æ‡§°‡§º‡§æ‡§∏‡§® ‡§ï‡§æ ‡§®‡§ø‡§Ø‡§Æ‡§ø‡§§ ‡§Ö‡§≠‡•ç‡§Ø‡§æ‡§∏ ‡§¨‡§π‡•Å‡§§ ‡§´‡§æ‡§Ø‡§¶‡•á‡§Æ‡§Ç‡§¶ ‡§π‡•à‡•§ ‡§á‡§∏‡§∏‡•á ‡§ú‡§π‡§æ‡§Ç ‡§∂‡§∞‡•Ä‡§∞ ‡§ï‡•ã ‡§ú‡•ç‡§Ø‡§æ‡§¶‡§æ ‡§§‡§æ‡§ï‡§§ ‡§Æ‡§ø‡§≤‡§§‡•Ä ‡§π‡•à, ‡§µ‡§π‡•Ä‡§Ç ‡§∏‡§Ç‡§§‡•Å‡§≤‡§® ‡§¨‡§®‡§æ‡§®‡§æ ‡§≠‡•Ä ‡§Ü‡§∏‡§æ‡§® ‡§π‡•ã ‡§ú‡§æ‡§§‡§æ ‡§π‡•à‡•§",Narendra Modi,47763,285,10370,1391
59,https://twitter.com/narendramodi/status/1801095684235374735#m,Tadasana is very good for the body. It will ensure more strength and better alignment.,Narendra Modi,41525,303,7258,843
